,Unnamed: 0,f1_scores,perc_withaddednoise,dataset
300,0,0.903,0.15,Lee_et_al_Science_Covidonly
301,1,0.911,0.15,Lee_et_al_Science_Covidonly
302,2,0.899,0.15,Lee_et_al_Science_Covidonly
303,3,0.909,0.15,Lee_et_al_Science_Covidonly
304,4,0.904,0.15,Lee_et_al_Science_Covidonly
305,5,0.912,0.15,Lee_et_al_Science_Covidonly
306,6,0.907,0.15,Lee_et_al_Science_Covidonly
307,7,0.903,0.15,Lee_et_al_Science_Covidonly
308,8,0.913,0.15,Lee_et_al_Science_Covidonly
309,9,0.912,0.15,Lee_et_al_Science_Covidonly
310,10,0.909,0.15,Lee_et_al_Science_Covidonly
311,11,0.91,0.15,Lee_et_al_Science_Covidonly
312,12,0.904,0.15,Lee_et_al_Science_Covidonly
313,13,0.91,0.15,Lee_et_al_Science_Covidonly
314,14,0.905,0.15,Lee_et_al_Science_Covidonly
315,15,0.906,0.15,Lee_et_al_Science_Covidonly
316,16,0.907,0.15,Lee_et_al_Science_Covidonly
317,17,0.908,0.15,Lee_et_al_Science_Covidonly
318,18,0.91,0.15,Lee_et_al_Science_Covidonly
319,19,0.912,0.15,Lee_et_al_Science_Covidonly
320,20,0.907,0.15,Lee_et_al_Science_Covidonly
321,21,0.912,0.15,Lee_et_al_Science_Covidonly
322,22,0.907,0.15,Lee_et_al_Science_Covidonly
323,23,0.901,0.15,Lee_et_al_Science_Covidonly
324,24,0.907,0.15,Lee_et_al_Science_Covidonly
325,25,0.908,0.15,Lee_et_al_Science_Covidonly
326,26,0.907,0.15,Lee_et_al_Science_Covidonly
327,27,0.912,0.15,Lee_et_al_Science_Covidonly
328,28,0.909,0.15,Lee_et_al_Science_Covidonly
329,29,0.912,0.15,Lee_et_al_Science_Covidonly
330,30,0.901,0.15,Lee_et_al_Science_Covidonly
331,31,0.908,0.15,Lee_et_al_Science_Covidonly
332,32,0.903,0.15,Lee_et_al_Science_Covidonly
333,33,0.911,0.15,Lee_et_al_Science_Covidonly
334,34,0.902,0.15,Lee_et_al_Science_Covidonly
335,35,0.911,0.15,Lee_et_al_Science_Covidonly
336,36,0.905,0.15,Lee_et_al_Science_Covidonly
337,37,0.914,0.15,Lee_et_al_Science_Covidonly
338,38,0.905,0.15,Lee_et_al_Science_Covidonly
339,39,0.911,0.15,Lee_et_al_Science_Covidonly
340,40,0.905,0.15,Lee_et_al_Science_Covidonly
341,41,0.907,0.15,Lee_et_al_Science_Covidonly
342,42,0.906,0.15,Lee_et_al_Science_Covidonly
343,43,0.902,0.15,Lee_et_al_Science_Covidonly
344,44,0.903,0.15,Lee_et_al_Science_Covidonly
345,45,0.906,0.15,Lee_et_al_Science_Covidonly
346,46,0.912,0.15,Lee_et_al_Science_Covidonly
347,47,0.899,0.15,Lee_et_al_Science_Covidonly
348,48,0.904,0.15,Lee_et_al_Science_Covidonly
349,49,0.895,0.15,Lee_et_al_Science_Covidonly
350,50,0.911,0.15,Lee_et_al_Science_Covidonly
351,51,0.91,0.15,Lee_et_al_Science_Covidonly
352,52,0.912,0.15,Lee_et_al_Science_Covidonly
353,53,0.909,0.15,Lee_et_al_Science_Covidonly
354,54,0.91,0.15,Lee_et_al_Science_Covidonly
355,55,0.909,0.15,Lee_et_al_Science_Covidonly
356,56,0.905,0.15,Lee_et_al_Science_Covidonly
357,57,0.911,0.15,Lee_et_al_Science_Covidonly
358,58,0.911,0.15,Lee_et_al_Science_Covidonly
359,59,0.902,0.15,Lee_et_al_Science_Covidonly
360,60,0.91,0.15,Lee_et_al_Science_Covidonly
361,61,0.902,0.15,Lee_et_al_Science_Covidonly
362,62,0.911,0.15,Lee_et_al_Science_Covidonly
363,63,0.911,0.15,Lee_et_al_Science_Covidonly
364,64,0.911,0.15,Lee_et_al_Science_Covidonly
365,65,0.907,0.15,Lee_et_al_Science_Covidonly
366,66,0.91,0.15,Lee_et_al_Science_Covidonly
367,67,0.9,0.15,Lee_et_al_Science_Covidonly
368,68,0.908,0.15,Lee_et_al_Science_Covidonly
369,69,0.91,0.15,Lee_et_al_Science_Covidonly
370,70,0.912,0.15,Lee_et_al_Science_Covidonly
371,71,0.911,0.15,Lee_et_al_Science_Covidonly
372,72,0.912,0.15,Lee_et_al_Science_Covidonly
373,73,0.905,0.15,Lee_et_al_Science_Covidonly
374,74,0.904,0.15,Lee_et_al_Science_Covidonly
375,75,0.908,0.15,Lee_et_al_Science_Covidonly
376,76,0.901,0.15,Lee_et_al_Science_Covidonly
377,77,0.912,0.15,Lee_et_al_Science_Covidonly
378,78,0.911,0.15,Lee_et_al_Science_Covidonly
379,79,0.911,0.15,Lee_et_al_Science_Covidonly
380,80,0.909,0.15,Lee_et_al_Science_Covidonly
381,81,0.912,0.15,Lee_et_al_Science_Covidonly
382,82,0.903,0.15,Lee_et_al_Science_Covidonly
383,83,0.907,0.15,Lee_et_al_Science_Covidonly
384,84,0.908,0.15,Lee_et_al_Science_Covidonly
385,85,0.908,0.15,Lee_et_al_Science_Covidonly
386,86,0.912,0.15,Lee_et_al_Science_Covidonly
387,87,0.899,0.15,Lee_et_al_Science_Covidonly
388,88,0.899,0.15,Lee_et_al_Science_Covidonly
389,89,0.904,0.15,Lee_et_al_Science_Covidonly
390,90,0.91,0.15,Lee_et_al_Science_Covidonly
391,91,0.906,0.15,Lee_et_al_Science_Covidonly
392,92,0.91,0.15,Lee_et_al_Science_Covidonly
393,93,0.913,0.15,Lee_et_al_Science_Covidonly
394,94,0.91,0.15,Lee_et_al_Science_Covidonly
395,95,0.912,0.15,Lee_et_al_Science_Covidonly
396,96,0.898,0.15,Lee_et_al_Science_Covidonly
397,97,0.908,0.15,Lee_et_al_Science_Covidonly
398,98,0.914,0.15,Lee_et_al_Science_Covidonly
399,99,0.902,0.15,Lee_et_al_Science_Covidonly
400,0,0.906,0.1,Lee_et_al_Science_Covidonly
401,1,0.901,0.1,Lee_et_al_Science_Covidonly
402,2,0.9,0.1,Lee_et_al_Science_Covidonly
403,3,0.912,0.1,Lee_et_al_Science_Covidonly
404,4,0.906,0.1,Lee_et_al_Science_Covidonly
405,5,0.905,0.1,Lee_et_al_Science_Covidonly
406,6,0.909,0.1,Lee_et_al_Science_Covidonly
407,7,0.91,0.1,Lee_et_al_Science_Covidonly
408,8,0.912,0.1,Lee_et_al_Science_Covidonly
409,9,0.902,0.1,Lee_et_al_Science_Covidonly
410,10,0.908,0.1,Lee_et_al_Science_Covidonly
411,11,0.912,0.1,Lee_et_al_Science_Covidonly
412,12,0.911,0.1,Lee_et_al_Science_Covidonly
413,13,0.909,0.1,Lee_et_al_Science_Covidonly
414,14,0.907,0.1,Lee_et_al_Science_Covidonly
415,15,0.906,0.1,Lee_et_al_Science_Covidonly
416,16,0.912,0.1,Lee_et_al_Science_Covidonly
417,17,0.906,0.1,Lee_et_al_Science_Covidonly
418,18,0.911,0.1,Lee_et_al_Science_Covidonly
419,19,0.914,0.1,Lee_et_al_Science_Covidonly
420,20,0.911,0.1,Lee_et_al_Science_Covidonly
421,21,0.912,0.1,Lee_et_al_Science_Covidonly
422,22,0.911,0.1,Lee_et_al_Science_Covidonly
423,23,0.906,0.1,Lee_et_al_Science_Covidonly
424,24,0.909,0.1,Lee_et_al_Science_Covidonly
425,25,0.911,0.1,Lee_et_al_Science_Covidonly
426,26,0.903,0.1,Lee_et_al_Science_Covidonly
427,27,0.912,0.1,Lee_et_al_Science_Covidonly
428,28,0.906,0.1,Lee_et_al_Science_Covidonly
429,29,0.912,0.1,Lee_et_al_Science_Covidonly
430,30,0.904,0.1,Lee_et_al_Science_Covidonly
431,31,0.906,0.1,Lee_et_al_Science_Covidonly
432,32,0.904,0.1,Lee_et_al_Science_Covidonly
433,33,0.912,0.1,Lee_et_al_Science_Covidonly
434,34,0.905,0.1,Lee_et_al_Science_Covidonly
435,35,0.904,0.1,Lee_et_al_Science_Covidonly
436,36,0.903,0.1,Lee_et_al_Science_Covidonly
437,37,0.911,0.1,Lee_et_al_Science_Covidonly
438,38,0.909,0.1,Lee_et_al_Science_Covidonly
439,39,0.912,0.1,Lee_et_al_Science_Covidonly
440,40,0.911,0.1,Lee_et_al_Science_Covidonly
441,41,0.91,0.1,Lee_et_al_Science_Covidonly
442,42,0.905,0.1,Lee_et_al_Science_Covidonly
443,43,0.903,0.1,Lee_et_al_Science_Covidonly
444,44,0.91,0.1,Lee_et_al_Science_Covidonly
445,45,0.912,0.1,Lee_et_al_Science_Covidonly
446,46,0.911,0.1,Lee_et_al_Science_Covidonly
447,47,0.899,0.1,Lee_et_al_Science_Covidonly
448,48,0.911,0.1,Lee_et_al_Science_Covidonly
449,49,0.914,0.1,Lee_et_al_Science_Covidonly
450,50,0.912,0.1,Lee_et_al_Science_Covidonly
451,51,0.913,0.1,Lee_et_al_Science_Covidonly
452,52,0.907,0.1,Lee_et_al_Science_Covidonly
453,53,0.91,0.1,Lee_et_al_Science_Covidonly
454,54,0.912,0.1,Lee_et_al_Science_Covidonly
455,55,0.91,0.1,Lee_et_al_Science_Covidonly
456,56,0.911,0.1,Lee_et_al_Science_Covidonly
457,57,0.904,0.1,Lee_et_al_Science_Covidonly
458,58,0.911,0.1,Lee_et_al_Science_Covidonly
459,59,0.9,0.1,Lee_et_al_Science_Covidonly
460,60,0.911,0.1,Lee_et_al_Science_Covidonly
461,61,0.913,0.1,Lee_et_al_Science_Covidonly
462,62,0.909,0.1,Lee_et_al_Science_Covidonly
463,63,0.908,0.1,Lee_et_al_Science_Covidonly
464,64,0.894,0.1,Lee_et_al_Science_Covidonly
465,65,0.909,0.1,Lee_et_al_Science_Covidonly
466,66,0.912,0.1,Lee_et_al_Science_Covidonly
467,67,0.908,0.1,Lee_et_al_Science_Covidonly
468,68,0.907,0.1,Lee_et_al_Science_Covidonly
469,69,0.908,0.1,Lee_et_al_Science_Covidonly
470,70,0.904,0.1,Lee_et_al_Science_Covidonly
471,71,0.913,0.1,Lee_et_al_Science_Covidonly
472,72,0.907,0.1,Lee_et_al_Science_Covidonly
473,73,0.896,0.1,Lee_et_al_Science_Covidonly
474,74,0.911,0.1,Lee_et_al_Science_Covidonly
475,75,0.913,0.1,Lee_et_al_Science_Covidonly
476,76,0.912,0.1,Lee_et_al_Science_Covidonly
477,77,0.911,0.1,Lee_et_al_Science_Covidonly
478,78,0.911,0.1,Lee_et_al_Science_Covidonly
479,79,0.906,0.1,Lee_et_al_Science_Covidonly
480,80,0.912,0.1,Lee_et_al_Science_Covidonly
481,81,0.897,0.1,Lee_et_al_Science_Covidonly
482,82,0.909,0.1,Lee_et_al_Science_Covidonly
483,83,0.903,0.1,Lee_et_al_Science_Covidonly
484,84,0.913,0.1,Lee_et_al_Science_Covidonly
485,85,0.907,0.1,Lee_et_al_Science_Covidonly
486,86,0.901,0.1,Lee_et_al_Science_Covidonly
487,87,0.913,0.1,Lee_et_al_Science_Covidonly
488,88,0.911,0.1,Lee_et_al_Science_Covidonly
489,89,0.912,0.1,Lee_et_al_Science_Covidonly
490,90,0.902,0.1,Lee_et_al_Science_Covidonly
491,91,0.909,0.1,Lee_et_al_Science_Covidonly
492,92,0.91,0.1,Lee_et_al_Science_Covidonly
493,93,0.906,0.1,Lee_et_al_Science_Covidonly
494,94,0.904,0.1,Lee_et_al_Science_Covidonly
495,95,0.912,0.1,Lee_et_al_Science_Covidonly
496,96,0.912,0.1,Lee_et_al_Science_Covidonly
497,97,0.91,0.1,Lee_et_al_Science_Covidonly
498,98,0.912,0.1,Lee_et_al_Science_Covidonly
499,99,0.91,0.1,Lee_et_al_Science_Covidonly
500,0,0.912,0.05,Lee_et_al_Science_Covidonly
501,1,0.912,0.05,Lee_et_al_Science_Covidonly
502,2,0.902,0.05,Lee_et_al_Science_Covidonly
503,3,0.912,0.05,Lee_et_al_Science_Covidonly
504,4,0.911,0.05,Lee_et_al_Science_Covidonly
505,5,0.908,0.05,Lee_et_al_Science_Covidonly
506,6,0.912,0.05,Lee_et_al_Science_Covidonly
507,7,0.908,0.05,Lee_et_al_Science_Covidonly
508,8,0.911,0.05,Lee_et_al_Science_Covidonly
509,9,0.911,0.05,Lee_et_al_Science_Covidonly
510,10,0.911,0.05,Lee_et_al_Science_Covidonly
511,11,0.912,0.05,Lee_et_al_Science_Covidonly
512,12,0.91,0.05,Lee_et_al_Science_Covidonly
513,13,0.912,0.05,Lee_et_al_Science_Covidonly
514,14,0.912,0.05,Lee_et_al_Science_Covidonly
515,15,0.913,0.05,Lee_et_al_Science_Covidonly
516,16,0.909,0.05,Lee_et_al_Science_Covidonly
517,17,0.913,0.05,Lee_et_al_Science_Covidonly
518,18,0.911,0.05,Lee_et_al_Science_Covidonly
519,19,0.912,0.05,Lee_et_al_Science_Covidonly
520,20,0.913,0.05,Lee_et_al_Science_Covidonly
521,21,0.912,0.05,Lee_et_al_Science_Covidonly
522,22,0.911,0.05,Lee_et_al_Science_Covidonly
523,23,0.913,0.05,Lee_et_al_Science_Covidonly
524,24,0.911,0.05,Lee_et_al_Science_Covidonly
525,25,0.905,0.05,Lee_et_al_Science_Covidonly
526,26,0.901,0.05,Lee_et_al_Science_Covidonly
527,27,0.912,0.05,Lee_et_al_Science_Covidonly
528,28,0.911,0.05,Lee_et_al_Science_Covidonly
529,29,0.909,0.05,Lee_et_al_Science_Covidonly
530,30,0.906,0.05,Lee_et_al_Science_Covidonly
531,31,0.905,0.05,Lee_et_al_Science_Covidonly
532,32,0.903,0.05,Lee_et_al_Science_Covidonly
533,33,0.908,0.05,Lee_et_al_Science_Covidonly
534,34,0.91,0.05,Lee_et_al_Science_Covidonly
535,35,0.908,0.05,Lee_et_al_Science_Covidonly
536,36,0.906,0.05,Lee_et_al_Science_Covidonly
537,37,0.912,0.05,Lee_et_al_Science_Covidonly
538,38,0.911,0.05,Lee_et_al_Science_Covidonly
539,39,0.911,0.05,Lee_et_al_Science_Covidonly
540,40,0.911,0.05,Lee_et_al_Science_Covidonly
541,41,0.91,0.05,Lee_et_al_Science_Covidonly
542,42,0.91,0.05,Lee_et_al_Science_Covidonly
543,43,0.91,0.05,Lee_et_al_Science_Covidonly
544,44,0.91,0.05,Lee_et_al_Science_Covidonly
545,45,0.912,0.05,Lee_et_al_Science_Covidonly
546,46,0.911,0.05,Lee_et_al_Science_Covidonly
547,47,0.912,0.05,Lee_et_al_Science_Covidonly
548,48,0.912,0.05,Lee_et_al_Science_Covidonly
549,49,0.907,0.05,Lee_et_al_Science_Covidonly
550,50,0.9,0.05,Lee_et_al_Science_Covidonly
551,51,0.91,0.05,Lee_et_al_Science_Covidonly
552,52,0.911,0.05,Lee_et_al_Science_Covidonly
553,53,0.912,0.05,Lee_et_al_Science_Covidonly
554,54,0.913,0.05,Lee_et_al_Science_Covidonly
555,55,0.911,0.05,Lee_et_al_Science_Covidonly
556,56,0.904,0.05,Lee_et_al_Science_Covidonly
557,57,0.909,0.05,Lee_et_al_Science_Covidonly
558,58,0.91,0.05,Lee_et_al_Science_Covidonly
559,59,0.912,0.05,Lee_et_al_Science_Covidonly
560,60,0.91,0.05,Lee_et_al_Science_Covidonly
561,61,0.912,0.05,Lee_et_al_Science_Covidonly
562,62,0.907,0.05,Lee_et_al_Science_Covidonly
563,63,0.912,0.05,Lee_et_al_Science_Covidonly
564,64,0.911,0.05,Lee_et_al_Science_Covidonly
565,65,0.911,0.05,Lee_et_al_Science_Covidonly
566,66,0.91,0.05,Lee_et_al_Science_Covidonly
567,67,0.908,0.05,Lee_et_al_Science_Covidonly
568,68,0.911,0.05,Lee_et_al_Science_Covidonly
569,69,0.911,0.05,Lee_et_al_Science_Covidonly
570,70,0.912,0.05,Lee_et_al_Science_Covidonly
571,71,0.91,0.05,Lee_et_al_Science_Covidonly
572,72,0.911,0.05,Lee_et_al_Science_Covidonly
573,73,0.911,0.05,Lee_et_al_Science_Covidonly
574,74,0.905,0.05,Lee_et_al_Science_Covidonly
575,75,0.91,0.05,Lee_et_al_Science_Covidonly
576,76,0.908,0.05,Lee_et_al_Science_Covidonly
577,77,0.911,0.05,Lee_et_al_Science_Covidonly
578,78,0.903,0.05,Lee_et_al_Science_Covidonly
579,79,0.905,0.05,Lee_et_al_Science_Covidonly
580,80,0.911,0.05,Lee_et_al_Science_Covidonly
581,81,0.912,0.05,Lee_et_al_Science_Covidonly
582,82,0.911,0.05,Lee_et_al_Science_Covidonly
583,83,0.909,0.05,Lee_et_al_Science_Covidonly
584,84,0.909,0.05,Lee_et_al_Science_Covidonly
585,85,0.907,0.05,Lee_et_al_Science_Covidonly
586,86,0.902,0.05,Lee_et_al_Science_Covidonly
587,87,0.912,0.05,Lee_et_al_Science_Covidonly
588,88,0.91,0.05,Lee_et_al_Science_Covidonly
589,89,0.905,0.05,Lee_et_al_Science_Covidonly
590,90,0.913,0.05,Lee_et_al_Science_Covidonly
591,91,0.912,0.05,Lee_et_al_Science_Covidonly
592,92,0.908,0.05,Lee_et_al_Science_Covidonly
593,93,0.911,0.05,Lee_et_al_Science_Covidonly
594,94,0.912,0.05,Lee_et_al_Science_Covidonly
595,95,0.91,0.05,Lee_et_al_Science_Covidonly
596,96,0.903,0.05,Lee_et_al_Science_Covidonly
597,97,0.91,0.05,Lee_et_al_Science_Covidonly
598,98,0.908,0.05,Lee_et_al_Science_Covidonly
599,99,0.907,0.05,Lee_et_al_Science_Covidonly
0,0,0.908,0.3,Lee_et_al_Science_Covidonly
1,1,0.901,0.3,Lee_et_al_Science_Covidonly
2,2,0.907,0.3,Lee_et_al_Science_Covidonly
3,3,0.901,0.3,Lee_et_al_Science_Covidonly
4,4,0.902,0.3,Lee_et_al_Science_Covidonly
5,5,0.911,0.3,Lee_et_al_Science_Covidonly
6,6,0.902,0.3,Lee_et_al_Science_Covidonly
7,7,0.912,0.3,Lee_et_al_Science_Covidonly
8,8,0.899,0.3,Lee_et_al_Science_Covidonly
9,9,0.906,0.3,Lee_et_al_Science_Covidonly
10,10,0.91,0.3,Lee_et_al_Science_Covidonly
11,11,0.889,0.3,Lee_et_al_Science_Covidonly
12,12,0.896,0.3,Lee_et_al_Science_Covidonly
13,13,0.91,0.3,Lee_et_al_Science_Covidonly
14,14,0.907,0.3,Lee_et_al_Science_Covidonly
15,15,0.904,0.3,Lee_et_al_Science_Covidonly
16,16,0.907,0.3,Lee_et_al_Science_Covidonly
17,17,0.907,0.3,Lee_et_al_Science_Covidonly
18,18,0.907,0.3,Lee_et_al_Science_Covidonly
19,19,0.899,0.3,Lee_et_al_Science_Covidonly
20,20,0.905,0.3,Lee_et_al_Science_Covidonly
21,21,0.894,0.3,Lee_et_al_Science_Covidonly
22,22,0.903,0.3,Lee_et_al_Science_Covidonly
23,23,0.9,0.3,Lee_et_al_Science_Covidonly
24,24,0.912,0.3,Lee_et_al_Science_Covidonly
25,25,0.91,0.3,Lee_et_al_Science_Covidonly
26,26,0.888,0.3,Lee_et_al_Science_Covidonly
27,27,0.911,0.3,Lee_et_al_Science_Covidonly
28,28,0.905,0.3,Lee_et_al_Science_Covidonly
29,29,0.91,0.3,Lee_et_al_Science_Covidonly
30,30,0.911,0.3,Lee_et_al_Science_Covidonly
31,31,0.9,0.3,Lee_et_al_Science_Covidonly
32,32,0.896,0.3,Lee_et_al_Science_Covidonly
33,33,0.906,0.3,Lee_et_al_Science_Covidonly
34,34,0.893,0.3,Lee_et_al_Science_Covidonly
35,35,0.906,0.3,Lee_et_al_Science_Covidonly
36,36,0.903,0.3,Lee_et_al_Science_Covidonly
37,37,0.911,0.3,Lee_et_al_Science_Covidonly
38,38,0.907,0.3,Lee_et_al_Science_Covidonly
39,39,0.9,0.3,Lee_et_al_Science_Covidonly
40,40,0.907,0.3,Lee_et_al_Science_Covidonly
41,41,0.9,0.3,Lee_et_al_Science_Covidonly
42,42,0.902,0.3,Lee_et_al_Science_Covidonly
43,43,0.909,0.3,Lee_et_al_Science_Covidonly
44,44,0.892,0.3,Lee_et_al_Science_Covidonly
45,45,0.902,0.3,Lee_et_al_Science_Covidonly
46,46,0.912,0.3,Lee_et_al_Science_Covidonly
47,47,0.911,0.3,Lee_et_al_Science_Covidonly
48,48,0.903,0.3,Lee_et_al_Science_Covidonly
49,49,0.902,0.3,Lee_et_al_Science_Covidonly
50,50,0.906,0.3,Lee_et_al_Science_Covidonly
51,51,0.91,0.3,Lee_et_al_Science_Covidonly
52,52,0.911,0.3,Lee_et_al_Science_Covidonly
53,53,0.902,0.3,Lee_et_al_Science_Covidonly
54,54,0.91,0.3,Lee_et_al_Science_Covidonly
55,55,0.91,0.3,Lee_et_al_Science_Covidonly
56,56,0.903,0.3,Lee_et_al_Science_Covidonly
57,57,0.913,0.3,Lee_et_al_Science_Covidonly
58,58,0.913,0.3,Lee_et_al_Science_Covidonly
59,59,0.905,0.3,Lee_et_al_Science_Covidonly
60,60,0.899,0.3,Lee_et_al_Science_Covidonly
61,61,0.901,0.3,Lee_et_al_Science_Covidonly
62,62,0.91,0.3,Lee_et_al_Science_Covidonly
63,63,0.907,0.3,Lee_et_al_Science_Covidonly
64,64,0.909,0.3,Lee_et_al_Science_Covidonly
65,65,0.908,0.3,Lee_et_al_Science_Covidonly
66,66,0.902,0.3,Lee_et_al_Science_Covidonly
67,67,0.896,0.3,Lee_et_al_Science_Covidonly
68,68,0.896,0.3,Lee_et_al_Science_Covidonly
69,69,0.908,0.3,Lee_et_al_Science_Covidonly
70,70,0.911,0.3,Lee_et_al_Science_Covidonly
71,71,0.912,0.3,Lee_et_al_Science_Covidonly
72,72,0.903,0.3,Lee_et_al_Science_Covidonly
73,73,0.901,0.3,Lee_et_al_Science_Covidonly
74,74,0.912,0.3,Lee_et_al_Science_Covidonly
75,75,0.909,0.3,Lee_et_al_Science_Covidonly
76,76,0.904,0.3,Lee_et_al_Science_Covidonly
77,77,0.904,0.3,Lee_et_al_Science_Covidonly
78,78,0.91,0.3,Lee_et_al_Science_Covidonly
79,79,0.903,0.3,Lee_et_al_Science_Covidonly
80,80,0.91,0.3,Lee_et_al_Science_Covidonly
81,81,0.901,0.3,Lee_et_al_Science_Covidonly
82,82,0.905,0.3,Lee_et_al_Science_Covidonly
83,83,0.908,0.3,Lee_et_al_Science_Covidonly
84,84,0.903,0.3,Lee_et_al_Science_Covidonly
85,85,0.902,0.3,Lee_et_al_Science_Covidonly
86,86,0.912,0.3,Lee_et_al_Science_Covidonly
87,87,0.895,0.3,Lee_et_al_Science_Covidonly
88,88,0.903,0.3,Lee_et_al_Science_Covidonly
89,89,0.907,0.3,Lee_et_al_Science_Covidonly
90,90,0.911,0.3,Lee_et_al_Science_Covidonly
91,91,0.907,0.3,Lee_et_al_Science_Covidonly
92,92,0.9,0.3,Lee_et_al_Science_Covidonly
93,93,0.908,0.3,Lee_et_al_Science_Covidonly
94,94,0.913,0.3,Lee_et_al_Science_Covidonly
95,95,0.909,0.3,Lee_et_al_Science_Covidonly
96,96,0.905,0.3,Lee_et_al_Science_Covidonly
97,97,0.896,0.3,Lee_et_al_Science_Covidonly
98,98,0.911,0.3,Lee_et_al_Science_Covidonly
99,99,0.894,0.3,Lee_et_al_Science_Covidonly
100,0,0.908,0.25,Lee_et_al_Science_Covidonly
101,1,0.91,0.25,Lee_et_al_Science_Covidonly
102,2,0.906,0.25,Lee_et_al_Science_Covidonly
103,3,0.908,0.25,Lee_et_al_Science_Covidonly
104,4,0.891,0.25,Lee_et_al_Science_Covidonly
105,5,0.902,0.25,Lee_et_al_Science_Covidonly
106,6,0.907,0.25,Lee_et_al_Science_Covidonly
107,7,0.911,0.25,Lee_et_al_Science_Covidonly
108,8,0.912,0.25,Lee_et_al_Science_Covidonly
109,9,0.907,0.25,Lee_et_al_Science_Covidonly
110,10,0.907,0.25,Lee_et_al_Science_Covidonly
111,11,0.905,0.25,Lee_et_al_Science_Covidonly
112,12,0.909,0.25,Lee_et_al_Science_Covidonly
113,13,0.904,0.25,Lee_et_al_Science_Covidonly
114,14,0.908,0.25,Lee_et_al_Science_Covidonly
115,15,0.911,0.25,Lee_et_al_Science_Covidonly
116,16,0.903,0.25,Lee_et_al_Science_Covidonly
117,17,0.904,0.25,Lee_et_al_Science_Covidonly
118,18,0.9,0.25,Lee_et_al_Science_Covidonly
119,19,0.91,0.25,Lee_et_al_Science_Covidonly
120,20,0.909,0.25,Lee_et_al_Science_Covidonly
121,21,0.907,0.25,Lee_et_al_Science_Covidonly
122,22,0.909,0.25,Lee_et_al_Science_Covidonly
123,23,0.913,0.25,Lee_et_al_Science_Covidonly
124,24,0.905,0.25,Lee_et_al_Science_Covidonly
125,25,0.91,0.25,Lee_et_al_Science_Covidonly
126,26,0.912,0.25,Lee_et_al_Science_Covidonly
127,27,0.911,0.25,Lee_et_al_Science_Covidonly
128,28,0.909,0.25,Lee_et_al_Science_Covidonly
129,29,0.909,0.25,Lee_et_al_Science_Covidonly
130,30,0.9,0.25,Lee_et_al_Science_Covidonly
131,31,0.903,0.25,Lee_et_al_Science_Covidonly
132,32,0.904,0.25,Lee_et_al_Science_Covidonly
133,33,0.906,0.25,Lee_et_al_Science_Covidonly
134,34,0.909,0.25,Lee_et_al_Science_Covidonly
135,35,0.897,0.25,Lee_et_al_Science_Covidonly
136,36,0.905,0.25,Lee_et_al_Science_Covidonly
137,37,0.911,0.25,Lee_et_al_Science_Covidonly
138,38,0.902,0.25,Lee_et_al_Science_Covidonly
139,39,0.902,0.25,Lee_et_al_Science_Covidonly
140,40,0.912,0.25,Lee_et_al_Science_Covidonly
141,41,0.91,0.25,Lee_et_al_Science_Covidonly
142,42,0.912,0.25,Lee_et_al_Science_Covidonly
143,43,0.912,0.25,Lee_et_al_Science_Covidonly
144,44,0.912,0.25,Lee_et_al_Science_Covidonly
145,45,0.902,0.25,Lee_et_al_Science_Covidonly
146,46,0.894,0.25,Lee_et_al_Science_Covidonly
147,47,0.902,0.25,Lee_et_al_Science_Covidonly
148,48,0.908,0.25,Lee_et_al_Science_Covidonly
149,49,0.911,0.25,Lee_et_al_Science_Covidonly
150,50,0.913,0.25,Lee_et_al_Science_Covidonly
151,51,0.901,0.25,Lee_et_al_Science_Covidonly
152,52,0.91,0.25,Lee_et_al_Science_Covidonly
153,53,0.902,0.25,Lee_et_al_Science_Covidonly
154,54,0.91,0.25,Lee_et_al_Science_Covidonly
155,55,0.907,0.25,Lee_et_al_Science_Covidonly
156,56,0.906,0.25,Lee_et_al_Science_Covidonly
157,57,0.899,0.25,Lee_et_al_Science_Covidonly
158,58,0.906,0.25,Lee_et_al_Science_Covidonly
159,59,0.904,0.25,Lee_et_al_Science_Covidonly
160,60,0.905,0.25,Lee_et_al_Science_Covidonly
161,61,0.913,0.25,Lee_et_al_Science_Covidonly
162,62,0.902,0.25,Lee_et_al_Science_Covidonly
163,63,0.91,0.25,Lee_et_al_Science_Covidonly
164,64,0.902,0.25,Lee_et_al_Science_Covidonly
165,65,0.911,0.25,Lee_et_al_Science_Covidonly
166,66,0.901,0.25,Lee_et_al_Science_Covidonly
167,67,0.885,0.25,Lee_et_al_Science_Covidonly
168,68,0.907,0.25,Lee_et_al_Science_Covidonly
169,69,0.903,0.25,Lee_et_al_Science_Covidonly
170,70,0.897,0.25,Lee_et_al_Science_Covidonly
171,71,0.898,0.25,Lee_et_al_Science_Covidonly
172,72,0.908,0.25,Lee_et_al_Science_Covidonly
173,73,0.9,0.25,Lee_et_al_Science_Covidonly
174,74,0.901,0.25,Lee_et_al_Science_Covidonly
175,75,0.911,0.25,Lee_et_al_Science_Covidonly
176,76,0.91,0.25,Lee_et_al_Science_Covidonly
177,77,0.901,0.25,Lee_et_al_Science_Covidonly
178,78,0.908,0.25,Lee_et_al_Science_Covidonly
179,79,0.906,0.25,Lee_et_al_Science_Covidonly
180,80,0.911,0.25,Lee_et_al_Science_Covidonly
181,81,0.91,0.25,Lee_et_al_Science_Covidonly
182,82,0.903,0.25,Lee_et_al_Science_Covidonly
183,83,0.912,0.25,Lee_et_al_Science_Covidonly
184,84,0.899,0.25,Lee_et_al_Science_Covidonly
185,85,0.91,0.25,Lee_et_al_Science_Covidonly
186,86,0.906,0.25,Lee_et_al_Science_Covidonly
187,87,0.906,0.25,Lee_et_al_Science_Covidonly
188,88,0.904,0.25,Lee_et_al_Science_Covidonly
189,89,0.908,0.25,Lee_et_al_Science_Covidonly
190,90,0.909,0.25,Lee_et_al_Science_Covidonly
191,91,0.911,0.25,Lee_et_al_Science_Covidonly
192,92,0.911,0.25,Lee_et_al_Science_Covidonly
193,93,0.898,0.25,Lee_et_al_Science_Covidonly
194,94,0.894,0.25,Lee_et_al_Science_Covidonly
195,95,0.906,0.25,Lee_et_al_Science_Covidonly
196,96,0.909,0.25,Lee_et_al_Science_Covidonly
197,97,0.912,0.25,Lee_et_al_Science_Covidonly
198,98,0.908,0.25,Lee_et_al_Science_Covidonly
199,99,0.894,0.25,Lee_et_al_Science_Covidonly
200,0,0.914,0.2,Lee_et_al_Science_Covidonly
201,1,0.901,0.2,Lee_et_al_Science_Covidonly
202,2,0.913,0.2,Lee_et_al_Science_Covidonly
203,3,0.901,0.2,Lee_et_al_Science_Covidonly
204,4,0.912,0.2,Lee_et_al_Science_Covidonly
205,5,0.909,0.2,Lee_et_al_Science_Covidonly
206,6,0.909,0.2,Lee_et_al_Science_Covidonly
207,7,0.906,0.2,Lee_et_al_Science_Covidonly
208,8,0.911,0.2,Lee_et_al_Science_Covidonly
209,9,0.912,0.2,Lee_et_al_Science_Covidonly
210,10,0.908,0.2,Lee_et_al_Science_Covidonly
211,11,0.909,0.2,Lee_et_al_Science_Covidonly
212,12,0.913,0.2,Lee_et_al_Science_Covidonly
213,13,0.913,0.2,Lee_et_al_Science_Covidonly
214,14,0.911,0.2,Lee_et_al_Science_Covidonly
215,15,0.912,0.2,Lee_et_al_Science_Covidonly
216,16,0.91,0.2,Lee_et_al_Science_Covidonly
217,17,0.905,0.2,Lee_et_al_Science_Covidonly
218,18,0.912,0.2,Lee_et_al_Science_Covidonly
219,19,0.903,0.2,Lee_et_al_Science_Covidonly
220,20,0.894,0.2,Lee_et_al_Science_Covidonly
221,21,0.912,0.2,Lee_et_al_Science_Covidonly
222,22,0.909,0.2,Lee_et_al_Science_Covidonly
223,23,0.904,0.2,Lee_et_al_Science_Covidonly
224,24,0.907,0.2,Lee_et_al_Science_Covidonly
225,25,0.909,0.2,Lee_et_al_Science_Covidonly
226,26,0.903,0.2,Lee_et_al_Science_Covidonly
227,27,0.91,0.2,Lee_et_al_Science_Covidonly
228,28,0.904,0.2,Lee_et_al_Science_Covidonly
229,29,0.908,0.2,Lee_et_al_Science_Covidonly
230,30,0.909,0.2,Lee_et_al_Science_Covidonly
231,31,0.908,0.2,Lee_et_al_Science_Covidonly
232,32,0.9,0.2,Lee_et_al_Science_Covidonly
233,33,0.909,0.2,Lee_et_al_Science_Covidonly
234,34,0.909,0.2,Lee_et_al_Science_Covidonly
235,35,0.913,0.2,Lee_et_al_Science_Covidonly
236,36,0.909,0.2,Lee_et_al_Science_Covidonly
237,37,0.9,0.2,Lee_et_al_Science_Covidonly
238,38,0.911,0.2,Lee_et_al_Science_Covidonly
239,39,0.911,0.2,Lee_et_al_Science_Covidonly
240,40,0.909,0.2,Lee_et_al_Science_Covidonly
241,41,0.908,0.2,Lee_et_al_Science_Covidonly
242,42,0.909,0.2,Lee_et_al_Science_Covidonly
243,43,0.905,0.2,Lee_et_al_Science_Covidonly
244,44,0.904,0.2,Lee_et_al_Science_Covidonly
245,45,,0.2,Lee_et_al_Science_Covidonly
246,46,,0.2,Lee_et_al_Science_Covidonly
247,47,0.905,0.2,Lee_et_al_Science_Covidonly
248,48,,0.2,Lee_et_al_Science_Covidonly
249,49,0.905,0.2,Lee_et_al_Science_Covidonly
250,50,0.9,0.2,Lee_et_al_Science_Covidonly
251,51,0.911,0.2,Lee_et_al_Science_Covidonly
252,52,,0.2,Lee_et_al_Science_Covidonly
253,53,0.902,0.2,Lee_et_al_Science_Covidonly
254,54,0.908,0.2,Lee_et_al_Science_Covidonly
255,55,0.907,0.2,Lee_et_al_Science_Covidonly
256,56,0.912,0.2,Lee_et_al_Science_Covidonly
257,57,0.905,0.2,Lee_et_al_Science_Covidonly
258,58,0.909,0.2,Lee_et_al_Science_Covidonly
259,59,0.912,0.2,Lee_et_al_Science_Covidonly
260,60,0.911,0.2,Lee_et_al_Science_Covidonly
261,61,0.903,0.2,Lee_et_al_Science_Covidonly
262,62,0.905,0.2,Lee_et_al_Science_Covidonly
263,63,0.905,0.2,Lee_et_al_Science_Covidonly
264,64,0.912,0.2,Lee_et_al_Science_Covidonly
265,65,0.905,0.2,Lee_et_al_Science_Covidonly
266,66,,0.2,Lee_et_al_Science_Covidonly
267,67,0.912,0.2,Lee_et_al_Science_Covidonly
268,68,0.905,0.2,Lee_et_al_Science_Covidonly
269,69,0.912,0.2,Lee_et_al_Science_Covidonly
270,70,,0.2,Lee_et_al_Science_Covidonly
271,71,0.911,0.2,Lee_et_al_Science_Covidonly
272,72,0.912,0.2,Lee_et_al_Science_Covidonly
273,73,0.9,0.2,Lee_et_al_Science_Covidonly
274,74,0.912,0.2,Lee_et_al_Science_Covidonly
275,75,0.91,0.2,Lee_et_al_Science_Covidonly
276,76,0.907,0.2,Lee_et_al_Science_Covidonly
277,77,0.899,0.2,Lee_et_al_Science_Covidonly
278,78,0.911,0.2,Lee_et_al_Science_Covidonly
279,79,0.901,0.2,Lee_et_al_Science_Covidonly
280,80,0.898,0.2,Lee_et_al_Science_Covidonly
281,81,0.911,0.2,Lee_et_al_Science_Covidonly
282,82,0.907,0.2,Lee_et_al_Science_Covidonly
283,83,0.902,0.2,Lee_et_al_Science_Covidonly
284,84,0.911,0.2,Lee_et_al_Science_Covidonly
285,85,0.912,0.2,Lee_et_al_Science_Covidonly
286,86,0.901,0.2,Lee_et_al_Science_Covidonly
287,87,0.911,0.2,Lee_et_al_Science_Covidonly
288,88,0.912,0.2,Lee_et_al_Science_Covidonly
289,89,0.902,0.2,Lee_et_al_Science_Covidonly
290,90,0.903,0.2,Lee_et_al_Science_Covidonly
291,91,0.9,0.2,Lee_et_al_Science_Covidonly
292,92,0.902,0.2,Lee_et_al_Science_Covidonly
293,93,,0.2,Lee_et_al_Science_Covidonly
294,94,0.908,0.2,Lee_et_al_Science_Covidonly
295,95,0.912,0.2,Lee_et_al_Science_Covidonly
296,96,0.898,0.2,Lee_et_al_Science_Covidonly
297,97,0.906,0.2,Lee_et_al_Science_Covidonly
298,98,0.901,0.2,Lee_et_al_Science_Covidonly
299,99,0.911,0.2,Lee_et_al_Science_Covidonly
